Period,Region,Channel,SKU ID,Manufacturer,%,Curr $ Vol,YAGO $ Vol,Curr Vol,YAGO Vol,Curr Avg AC Dist,YAGO Avg AC Dist,Curr $SPPD,YAGO $SPPD,Curr Avg Price/Unit,YAGO Avg Price/Unit,Curr Avg Regular Unit Price,YAGO Avg Regular Unit Price,Curr Avg TPR Unit Price,YAGO Avg TPR Unit Price,Curr % Vold Sold (Any TPR),YAGO % Vol Sold (Any TPR)
04/01/2021,Maritimes,WC+GM+TRU,000006022940860,AO MANUF.,-0.003,409305.0304,367506.3381,128914.9187,115202.9937,63.23883964,65.41948928,4678.94725,4103.255745,2.311488621,2.318757454,2.326026286,2.318757454,2.158843146,2.355101614,0.065419489,0.036344161
04/01/2021,Maritimes,WC+GM+TRU,000005677925176,AO MANUF.,-0.003,244269.831,210711.8137,54434.83015,47799.11329,51.60870821,50.15494179,3432.342538,3053.636383,3.263705632,3.205554975,3.380006946,3.263705632,2.892995193,2.922070521,0.174451971,0.123570146
04/01/2021,Maritimes,WC+GM+TRU,000004150080502,A,0.025,232761.909,224142.1566,55055.79951,52176.77963,72.23886766,72.23886766,2412.477185,2324.436065,3.183025106,3.235699281,3.536694563,3.529169681,2.919654235,2.994903055,0.428918277,0.421393395
04/01/2021,Maritimes,WC+GM+TRU,000005700000940,G,-0.009,220257.3197,229200.9526,46389.29818,47040.0762,70.1174976,70.1174976,2285.392187,2375.960622,3.46935535,3.557002222,3.717688154,3.644649094,3.053032708,3.074944426,0.277548428,0.10955859
04/01/2021,Maritimes,WC+GM+TRU,000005700000912,G,-0.009,211605.8431,144465.4176,49034.04254,32280.34296,65.735154,64.2743728,2344.553826,1637.535725,3.155287392,3.272149888,3.491267068,3.35979676,2.877738964,3.060336614,0.40171483,0.21911718
04/01/2021,Maritimes,WC+GM+TRU,000002100002685,AO MANUF.,-0.003,178107.128,174069.3757,39355.40962,38510.38411,41.1490681,40.41426332,3186.848364,3164.069415,3.328665688,3.32131764,3.336013735,3.343361783,2.211762411,1.829663921,0.007348048,0.007348048
04/01/2021,Maritimes,WC+GM+TRU,000005677925177,AO MANUF.,-0.003,168423.8705,153167.8535,37635.23161,34874.57002,50.70153034,50.70153034,2442.491114,2224.988897,3.291925448,3.225793017,3.416842262,3.299273496,2.93921915,2.902478911,0.198397293,0.13961291
04/01/2021,Maritimes,WC+GM+TRU,000077034303816,AO MANUF.,-0.003,139776.0363,141103.8285,40301.83818,43134.51064,51.43633513,51.43633513,1983.238122,2003.077851,2.549772613,2.402811655,2.549772613,2.446899943,1.881100256,2.211762411,0,0.13961291
04/01/2021,Maritimes,WC+GM+TRU,000005700000060,G,-0.009,130186.2813,83870.02221,37034.45537,24372.40393,48.2057796,39.4410924,1985.201651,1557.192759,2.570974912,2.512543664,2.578278818,2.5563671,1.64337885,1.657986662,0.007303906,0.03651953
04/01/2021,Maritimes,WC+GM+TRU,000005700000913,G,-0.009,129446.3956,116300.0952,44391.67989,39430.13654,63.5439822,65.735154,1486.344871,1299.364877,2.132740552,2.15465227,2.161956176,2.15465227,2.001270244,1.416957764,0.14607812,0
04/01/2021,Maritimes,WC+GM+TRU,000005620078067,A,0.025,121641.3979,98550.71487,28324.252,22619.45983,66.56962153,63.57772843,1365.799201,1165.342363,3.208805352,3.261163482,3.58279199,3.597751456,2.954494439,3.006852568,0.441304233,0.4338245
04/01/2021,Maritimes,WC+GM+TRU,000005972100003,B,-0.012,115507.01,123438.828,36946.25082,41130.30269,68.66136397,68.66136397,1204.43476,1292.407132,2.238646555,2.145667624,2.403147739,2.303016583,2.002623116,1.974014214,0.300393467,0.34330682
04/01/2021,Maritimes,WC+GM+TRU,000005620080506,A,0.025,92970.54103,82337.08966,12906.16518,11034.1257,59.35915915,57.87518017,1163.439519,1058.819001,5.342324324,5.535241591,5.735578753,5.869136861,4.592914939,4.808091891,0.252276426,0.237436637
04/01/2021,Maritimes,WC+GM+TRU,000062287170111,G,-0.009,61828.53425,65102.03974,12014.44623,12723.05366,63.76017782,63.76017782,704.9846934,736.8647823,3.731419497,3.709683073,3.861838043,3.738664972,3.180763416,3.159026992,0.13766402,0.043472849
04/01/2021,Maritimes,WC+GM+TRU,000062178703643,L,-0.006,49337.53924,37780.03631,6220.86755,4728.498717,23.25014735,20.34387893,1541.775396,1371.758694,5.76167714,5.805271167,5.776208482,5.834333851,5.427456272,4.221354878,0.029062684,0.014531342
04/01/2021,Maritimes,WC+GM+TRU,000005620083923,A,0.025,49252.58684,45646.29015,11734.5133,10501.94358,56.94547031,59.94260033,647.3800835,570.9532681,3.146986517,3.259378893,3.581570369,3.663991445,2.929694591,2.997130016,0.502019278,0.457062327
04/01/2021,Maritimes,WC+GM+TRU,000005700000925,G,-0.009,44532.3052,56457.04742,5397.522599,6483.319473,30.7301002,43.90014314,1057.99345,936.536387,6.036269682,6.372837446,6.138703349,6.372837446,3.533961523,3.907112739,0.029266762,0
04/01/2021,Maritimes,WC+GM+TRU,000005900000624,AO MANUF.,-0.003,41802.60598,61523.21906,12323.63496,18748.973,36.80454832,50.79027668,831.046701,887.7257054,2.495348376,2.41437837,2.532152924,2.436461099,1.516347391,1.273437372,0.022082729,0.014721819
04/01/2021,Maritimes,WC+GM+TRU,000006840000131,AO MANUF.,-0.003,41636.24942,0,10244.17798,0,43.42936701,0,708.8556006,0,2.988529323,0,3.393379355,0,2.39965655,0,0.301797296,0
04/01/2021,Maritimes,WC+GM+TRU,000005620093161,A,0.025,42277.51601,56362.52852,11111.11025,14939.19457,38.21340771,56.19618781,822.7121895,754.5274816,2.847273516,2.82479504,2.937187416,2.914708941,2.435168138,2.585024639,0.127378026,0.202306276
04/01/2021,Maritimes,WC+GM+TRU,000014973377000,E,-0.007,40726.53624,33086.56615,7237.593888,5696.138021,53.25567296,52.51601084,565.8415252,463.7681521,4.164297761,4.297436943,4.408386262,4.467559232,3.661327516,3.824053184,0.244088501,0.199708774
04/01/2021,Maritimes,WC+GM+TRU,000005700003603,G,-0.009,33184.95889,31669.21206,10799.23108,10282.07642,52.83162726,56.55216439,468.0435711,415.9560513,2.284409799,2.291850873,2.306733021,2.314174096,2.187675833,1.421245184,0.111616114,0.014882149
04/01/2021,Maritimes,WC+GM+TRU,000005620078068,A,0.025,33402.39812,34670.39991,8068.271007,8172.667789,56.38950269,58.67556361,451.8780418,447.30592,3.15476407,3.2309661,3.512913614,3.573875238,2.964258993,2.994739805,0.495313199,0.449591981
04/01/2021,Maritimes,WC+GM+TRU,000005620081879,A,0.025,32023.14137,50553.95118,4479.917383,6805.603359,35.81495441,52.57940116,678.9600932,732.3015147,5.448445193,5.661810878,5.753253315,6.035200829,4.252073311,4.915030978,0.152404061,0.251466701
04/01/2021,Maritimes,WC+GM+TRU,000005700000677,G,-0.009,30460.03749,31823.2423,5229.586992,5504.162632,55.80805697,59.5285941,407.7708696,397.3533656,4.330705221,4.300940924,4.427439186,4.427439186,3.675890686,3.698213908,0.096733965,0.126498262
04/01/2021,Maritimes,WC+GM+TRU,000005620099629,A,0.025,28760.17041,24069.93543,7126.413908,5554.366015,34.2909138,41.14909656,643.1451388,448.0679403,3.078562039,3.299547928,3.444331786,3.581495441,2.918537774,3.070941836,0.533414215,0.419111169
04/01/2021,Maritimes,WC+GM+TRU,000006810000313,AO MANUF.,-0.003,27116.70127,33488.07427,7866.33622,9457.869414,47.91068882,48.65929333,422.9615497,512.7940912,2.582685569,2.650059975,2.942015735,2.837211103,2.35061817,2.32067399,0.456648753,0.269497625
04/01/2021,Maritimes,WC+GM+TRU,000005700000898,G,-0.009,26641.27818,23860.54873,2880.439847,2660.184049,27.53197477,21.57911536,724.0165257,831.1679951,6.882993693,6.674643613,6.882993693,6.674643613,0,3.415453086,0,0
04/01/2021,Maritimes,WC+GM+TRU,000069567600303,AO MANUF.,-0.003,22413.21911,17762.88788,4589.694268,3606.776542,46.41347979,44.16766625,360.8273752,303.1848277,3.653190022,3.683134203,3.990062053,3.855313241,2.807266923,2.852183194,0.209609264,0.119776722
04/01/2021,Maritimes,WC+GM+TRU,000006720000204,AO MANUF.,-0.003,20606.08782,20268.46718,5859.327521,6115.350265,25.45255343,26.20115795,599.6322147,580.9171019,2.635087885,2.477880937,2.64257393,2.582685569,1.482236935,2.260785629,0.007486045,0.232067399
04/01/2021,Maritimes,WC+GM+TRU,000006810004768,AO MANUF.,-0.003,20131.47256,22822.70578,4413.772207,5264.186934,25.45255343,25.45255343,585.408729,678.2356886,3.413636578,3.248943585,3.495983075,3.428608668,2.230841448,3.039334322,0.044916271,0.351844121
04/01/2021,Maritimes,WC+GM+TRU,000005620094201,A,0.025,19854.43909,24220.81545,5045.33645,5813.452919,39.62505595,55.62748239,378.7240924,332.2408537,3.002360008,3.177624679,3.33002874,3.520533817,2.872816556,2.964258993,0.548654621,0.47245259
04/01/2021,Maritimes,WC+GM+TRU,000069567600801,AO MANUF.,-0.003,19367.14735,0,6484.41229,0,27.69836697,0,521.7773454,0,2.238327493,0,2.238327493,0,1.512181116,0,0.007486045,0
04/01/2021,Maritimes,WC+GM+TRU,000005700000953,G,-0.009,18173.33567,40817.26876,4539.799407,9884.72305,12.64982625,31.2525119,1058.864868,974.0366209,2.976429705,3.07316367,3.169897636,3.236867304,1.733770303,2.715992106,0.096733965,0.230673302
04/01/2021,Maritimes,WC+GM+TRU,000005620077378,A,0.025,18490.42274,16969.43021,4448.67455,3973.173879,46.48323871,46.48323871,302.5220617,278.1374119,3.170004476,3.253826709,3.558634832,3.657697472,2.971879196,3.017600414,0.510553605,0.480072793
04/01/2021,Maritimes,WC+GM+TRU,000005835300200,F,0.025,18469.88841,17752.51791,3906.30654,3987.971485,24.01910149,26.42101164,619.6928186,537.2272368,3.787011669,3.562833388,3.899100809,3.610871591,3.170521397,3.442737881,0.128101875,0.216171913
04/01/2021,Maritimes,WC+GM+TRU,000004150082085,A,0.025,17877.92987,20075.86314,4616.128513,4737.97556,41.39675316,53.11281537,337.4225918,292.9015554,3.022744051,3.311740253,3.444522291,3.717897076,2.874340597,3.046176176,0.577992403,0.476453197
04/01/2021,Maritimes,WC+GM+TRU,000065527300063,D,0.017,17285.20437,8466.320888,2922.494945,1336.364822,45.77692,21.68380421,301.1639474,311.6042975,4.74634381,5.09167847,5.236237165,5.220175088,4.152046954,4.569660961,0.361396737,0.160620772
04/01/2021,Maritimes,WC+GM+TRU,000011210000155,B,-0.012,15766.70687,6846.483974,2498.767179,1242.095199,20.7143733,7.67199011,573.8648602,664.3943435,4.841025759,4.22726655,4.90240168,4.434410283,3.782291124,3.667211272,0.046031941,0.207143733
04/01/2021,Maritimes,WC+GM+TRU,000085849500099,AO MANUF.,-0.003,15740.4027,21467.02877,4860.28231,6178.563515,3.909493492,5.473290889,2965.741763,3114.302516,2.533351783,2.713188484,2.556808744,2.713188484,2.212773317,0,0.062551896,0
04/01/2021,Maritimes,WC+GM+TRU,000065527300064,D,0.017,15883.78814,6164.625226,2652.652048,969.3463586,42.56450456,21.68380421,297.1484281,226.4752884,4.810592119,5.107740547,5.228206126,5.252299242,4.224326302,4.489350575,0.337303621,0.152589733
04/01/2021,Maritimes,WC+GM+TRU,000001121062505,B,-0.012,14405.69583,14488.55332,4738.988291,4848.697749,53.70393077,56.77272681,204.0749369,197.1701458,2.332284993,2.293925043,2.600804647,2.478052805,2.132813251,2.11746927,0.444975426,0.391271496
04/01/2021,Maritimes,WC+GM+TRU,000001121054570,B,-0.012,13433.65468,13722.12151,4430.574288,4671.474778,50.63513472,54.47112978,202.5405389,194.1013498,2.324613003,2.255565092,2.600804647,2.462708825,2.12514126,2.056093349,0.444975426,0.398943486
04/01/2021,Maritimes,WC+GM+TRU,000011210135802,B,-0.012,13345.4268,10727.74377,1344.899866,1073.311416,20.7143733,19.94717429,493.3089641,405.0810778,7.610614189,7.66431812,7.67199011,7.69500608,1.127782546,4.273298491,0.00767199,0.00767199
04/01/2021,Maritimes,WC+GM+TRU,000006280230083,AO MANUF.,-0.003,12843.46802,31332.24464,4028.342094,9527.435641,16.41987267,25.80265705,609.0990861,948.4431212,2.494256848,2.572446718,2.572446718,2.572446718,1.376141709,1.946927759,0.046913922,0.007818987
04/01/2021,Maritimes,WC+GM+TRU,000006280229992,AO MANUF.,-0.003,12802.02739,20979.90588,3249.570991,5387.282032,32.83974534,53.95101019,301.8128976,302.5947963,3.080680872,3.041585937,3.252698586,3.088499859,1.71235815,2.330058121,0.086008857,0.039094935
04/01/2021,Maritimes,WC+GM+TRU,000000415008050,A,0.025,13015.5352,24678.81733,6391.166613,10143.09182,11.14275624,26.26506827,919.2773896,737.013734,1.623658766,1.934064118,1.751004552,1.989777899,1.400803641,1.010807173,0.294487129,0.039795558
04/01/2021,Maritimes,WC+GM+TRU,000005700000949,G,-0.009,12404.1376,6006.991197,2737.304049,1234.973349,38.0828786,24.87045133,254.9221261,187.3055866,3.520723266,3.777199795,3.88600802,3.839375924,3.116578432,2.681345534,0.365284754,0.03886008
04/01/2021,Maritimes,WC+GM+TRU,000005527083951,C,0.005,10976.75457,9332.091921,2775.030887,2381.792278,38.55280476,35.46858038,218.208875,200.4745848,3.053382137,3.022539893,3.115066625,3.07651382,2.66785409,2.297747164,0.115658414,0.053973927
04/01/2021,Maritimes,WC+GM+TRU,000014973377101,E,-0.007,10909.84075,4311.507382,1975.336537,727.0657119,31.61155269,16.19128309,269.0837046,202.0055318,4.255994411,4.572109938,4.518138995,4.680051825,3.839647132,4.371646433,0.292985123,0.262144583
04/01/2021,Maritimes,WC+GM+TRU,000005527083911,C,0.005,10897.33579,9130.075224,7117.618816,6236.301699,42.40808524,40.86597305,198.1614165,172.7165653,1.179715826,1.125741899,1.21055807,1.148873582,0.717082169,0.871293388,0.038552805,0.046263366
04/01/2021,Maritimes,WC+GM+TRU,000005527083949,C,0.005,10810.20646,9719.933137,3299.349032,2896.086694,36.23963648,33.1554121,232.0878847,225.9194359,2.529063993,2.59074848,2.598459041,2.644722407,1.434164337,2.359431652,0.046263366,0.154211219
04/01/2021,Maritimes,WC+GM+TRU,000005889308001,AO MANUF.,-0.003,10429.95629,12474.43373,3293.793617,3538.818776,31.99373094,35.89540545,252.048173,269.2155409,2.473661636,2.754582201,2.668745362,2.84041904,2.239561166,2.325398005,0.358954054,0.140460282
04/01/2021,Maritimes,WC+GM+TRU,000065527300065,D,0.017,9638.009264,2166.448153,1625.437238,327.011042,32.05990608,12.82396243,242.0522909,132.2471126,4.752881076,5.313929432,5.273854549,5.490258916,4.16778779,4.808985911,0.376703896,0.208389389
04/01/2021,Maritimes,WC+GM+TRU,000062178702700,L,-0.006,8980.211748,4205.502714,1472.696189,717.0921295,26.95835073,16.17501044,258.800167,197.1810796,4.698455413,4.513598151,4.898717447,4.659943484,3.812681032,4.113074083,0.138642947,0.200262034
04/01/2021,Maritimes,WC+GM+TRU,000627843582731,AO MANUF.,-0.003,9087.780258,529.8473978,1353.100718,75.6924854,19.50837253,2.341004703,363.6360639,189.621381,5.243850535,5.462344307,5.399917515,5.462344307,4.455712285,0,0.132656933,0
04/01/2021,Maritimes,WC+GM+TRU,000062178702030,L,-0.006,8843.109279,4387.279022,1449.589031,753.2933433,28.49882792,16.94524903,235.6930093,200.262034,4.698455413,4.482788608,4.891015062,4.675348256,3.804978646,4.066859768,0.138642947,0.238773964
04/01/2021,Maritimes,WC+GM+TRU,000004973377002,E,-0.007,8512.759836,1092.526102,1538.942907,186.5852622,28.52749877,12.33621568,228.2199902,69.39121323,4.263704546,4.518138995,4.518138995,4.518138995,3.831936997,0,0.285274988,0
04/01/2021,Maritimes,WC+GM+TRU,000083690000111,AO MANUF.,-0.003,8007.796755,5252.434219,1330.471006,751.4625097,18.72803763,16.38703292,332.4226679,253.6088428,4.697616104,5.454540958,5.189227092,5.696444778,3.589540545,3.589540545,0.241903819,0.085836839
04/01/2021,Maritimes,WC+GM+TRU,000005150035224,AO MANUF.,-0.003,7886.06451,8132.650339,2142.799638,1941.473234,18.72803763,23.41004703,331.642333,271.5565456,2.871632436,3.269603235,3.371046773,3.410063518,2.278577911,2.419038193,0.358954054,0.109246886
04/01/2021,Maritimes,WC+GM+TRU,000005620089710,A,0.025,7930.484265,11540.66565,1838.849266,2965.194087,23.03526079,35.74437019,274.0401714,257.3594653,3.423516344,3.089902223,3.892164754,3.844505593,3.113731803,2.61331062,0.476591602,0.484534796
04/01/2021,Maritimes,WC+GM+TRU,000006620011300,A,0.025,7892.356937,9150.558768,1858.70725,2314.646549,1.588638675,12.7091094,4642.796527,586.2076711,3.375857184,3.137561383,3.558550632,3.232879703,3.185220543,2.978697516,0.397159669,0.293898155
04/01/2021,Maritimes,WC+GM+TRU,000190298000575,K,0.025,7781.383079,5841.38221,2552.09094,2247.23366,24.54694978,20.58776433,248.6368461,221.7143851,2.415103123,2.058776433,2.541797057,2.557633799,1.480735357,1.314449569,0.095020451,0.316734836
04/01/2021,Maritimes,WC+GM+TRU,000062784368249,AO MANUF.,-0.003,7553.813516,7883.684489,1270.814403,1320.256422,7.725315521,5.407720864,749.3556055,1105.492651,4.588837419,4.612013366,4.60428805,4.612013366,4.210296959,0,0.023175947,0
04/01/2021,Maritimes,WC+GM+TRU,000014973377003,E,-0.007,7391.829598,3566.916533,1335.780855,599.9564296,26.71561709,15.26606691,212.9616334,175.5597695,4.221067501,4.541654906,4.41952637,4.640884341,3.770718527,4.358462103,0.228991004,0.290055271
04/01/2021,Maritimes,WC+GM+TRU,000019029800025,K,0.025,7664.19119,6985.586804,1932.082498,1935.249847,22.17143851,21.37960142,277.1429813,257.3470541,3.143593245,2.858531893,3.499919936,3.428654598,2.359674527,2.375511269,0.245469498,0.427592028
04/01/2021,Maritimes,WC+GM+TRU,000627843582724,AO MANUF.,-0.003,7386.946701,459.6562735,1107.810246,65.66518192,17.7682257,3.090126208,318.2829994,131.3303638,5.152785452,5.407720864,5.338193025,5.407720864,4.60428805,0,0.193132888,0
04/01/2021,Maritimes,WC+GM+TRU,000077575500057,AO MANUF.,-0.003,7249.436085,7328.234303,2418.796289,2431.156794,12.36050483,12.36050483,444.2056424,468.1541205,2.317594656,2.325319972,2.317594656,2.325319972,0,0,0,0
04/01/2021,Maritimes,WC+GM+TRU,000065527300118,D,0.017,7402.399879,2565.32949,1270.365763,387.2195456,28.56537631,10.31527478,206.3054956,204.7185302,4.626003997,5.260790138,5.173507043,5.395682193,3.856325802,4.689482611,0.333262724,0.158696535
04/01/2021,Maritimes,WC+GM+TRU,000500011100100,G,-0.009,6986.269851,5299.98181,1624.856782,1281.609626,16.1257053,10.7504702,339.4077021,385.4811459,3.301930134,3.179067617,3.332645763,3.194425432,3.148351988,1.919726822,0.138220331,0.015357815
04/01/2021,Maritimes,WC+GM+TRU,000005517000301,AO MANUF.,-0.003,7024.629403,4750.296514,3094.761398,2093.560506,11.58797328,8.497847073,469.6991837,414.0769119,1.753646623,1.753646623,1.753646623,1.753646623,0,0,0,0
04/01/2021,Maritimes,WC+GM+TRU,000031200444981,L,-0.006,6823.173975,5782.312053,902.0803322,731.272222,14.48818792,14.48818792,366.7799153,309.5896998,5.764773721,6.031661393,5.940157048,6.115540376,4.346456377,4.887857083,0.083878983,0.053377534
04/01/2021,Maritimes,WC+GM+TRU,000627843582717,AO MANUF.,-0.003,6415.102008,356.9095771,961.0292508,50.98708244,16.22316259,2.317594656,302.0598369,118.969859,5.160510768,5.407720864,5.315017078,5.407720864,4.503858948,0,0.146780995,0
04/01/2021,Maritimes,WC+GM+TRU,000083690000444,AO MANUF.,-0.003,6403.514035,0,921.6301416,0,19.3132888,0,257.2530068,0,5.369094287,0,5.384544918,0,2.796564218,0,0.007725316,0
04/01/2021,Maritimes,WC+GM+TRU,000009428218316,AO MANUF.,-0.003,6377.247962,4167.035192,1745.148776,1053.733037,27.03860432,22.40341501,183.8625094,144.4634002,2.819740165,3.051499631,3.036049,3.082400893,1.436908687,2.719311063,0.100429102,0.061802524
04/01/2021,Maritimes,WC+GM+TRU,000067070045037,AO MANUF.,-0.003,5950.038014,1990.041278,1126.351003,386.265776,10.81544173,9.270378625,424.1198221,169.1844099,4.078966595,3.978537493,4.303000745,4.534760211,1.70729473,2.781113587,0.06952784,0.247210097
04/01/2021,Maritimes,WC+GM+TRU,000083690000178,AO MANUF.,-0.003,5889.780553,0,844.3769864,0,20.08582035,0,227.8968079,0,5.392270233,0,5.392270233,0,0,0,0,0
04/01/2021,Maritimes,WC+GM+TRU,000077575500050,AO MANUF.,-0.003,5817.935119,5844.973723,1943.689385,1942.916853,11.58797328,13.13303638,379.3129921,353.0469193,2.309869341,2.325319972,2.325319972,2.325319972,1.406007425,1.290127692,0.007725316,0
04/01/2021,Maritimes,WC+GM+TRU,000083690000121,AO MANUF.,-0.003,5804.802082,0,834.3340762,0,19.3132888,0,236.3946549,0,5.376819602,0,5.376819602,0,0,0,0,0
04/01/2021,Maritimes,WC+GM+TRU,000062784358270,AO MANUF.,-0.003,5620.167041,243.3474389,844.3769864,34.76391984,16.22316259,3.86265776,264.9783224,51.75961399,5.145060137,5.407720864,5.276390501,5.407720864,4.542485526,0,0.146780995,0
04/01/2021,Maritimes,WC+GM+TRU,000005150024808,AO MANUF.,-0.003,5600.853752,5124.974316,1208.239347,1077.681515,20.08582035,19.3132888,218.6264292,209.3560506,3.584546402,3.677250188,3.816305867,3.808580552,2.912443951,3.105576839,0.200858204,0.146780995
04/01/2021,Maritimes,WC+GM+TRU,000500011100101,G,-0.009,5446.648939,4826.961121,1220.946259,1128.031481,18.42937749,17.66148676,226.527765,205.0268246,3.42479265,3.286572319,3.45550828,3.309609041,3.240498876,1.535781458,0.107504702,0.007678907
04/01/2021,Maritimes,WC+GM+TRU,000005856201170,AO MANUF.,-0.003,5358.278845,5203.000003,1526.522347,1439.998813,12.36050483,14.67809949,342.2314776,271.1585748,2.711585748,2.788838903,2.765662956,2.796564218,1.591414997,2.587980699,0.038626578,0.023175947
04/01/2021,Maritimes,WC+GM+TRU,000885062088820,AO MANUF.,-0.003,5178.278993,1635.449296,2193.217076,625.7505572,4.635189312,0.772531552,914.6773576,1744.376245,1.823174463,2.016307351,1.854075725,2.016307351,1.529612473,0,0.06952784,0
04/01/2021,Maritimes,WC+GM+TRU,000080040512395,AO MANUF.,-0.003,5168.236083,3970.039646,1303.260728,1119.398219,10.04291018,9.270378625,384.7207129,323.6907203,3.066950262,2.74248701,3.020598369,2.74248701,3.213731257,1.081544173,0.185407572,0
04/01/2021,Maritimes,WC+GM+TRU,000001121000770,B,-0.012,4930.841824,4386.592104,899.7554566,740.5737836,18.95019917,17.43418324,200.1141032,186.4699598,4.153883658,4.487407164,4.517727482,4.487407164,3.229113939,0,0.212242231,0
04/01/2021,Maritimes,WC+GM+TRU,000083690000854,AO MANUF.,-0.003,4945.746996,0,716.9092803,0,16.99569415,0,221.7165554,0,5.330467709,0,5.399995549,0,3.290984412,0,0.030901262,0
04/01/2021,Maritimes,WC+GM+TRU,000083690000643,AO MANUF.,-0.003,4632.099186,0,672.8749818,0,16.22316259,0,218.6264292,0,5.315017078,0,5.315017078,0,0,0,0,0
04/01/2021,Maritimes,WC+GM+TRU,000816277021033,AO MANUF.,-0.003,4558.708689,0,861.3726805,0,13.90556794,0,255.7079437,0,4.08669191,0,4.218022274,0,3.86265776,0,0.278111359,0
04/01/2021,Maritimes,WC+GM+TRU,000083690000558,AO MANUF.,-0.003,4541.712995,0,652.7891615,0,10.04291018,0,363.0898295,0,5.369094287,0,5.392270233,0,2.935619898,0,0.007725316,0
04/01/2021,Maritimes,WC+GM+TRU,000065527300240,D,0.017,4444.296465,86.48961162,731.5910267,15.07617083,12.69572281,0,272.1645577,192.0228074,4.81643984,4.554590557,4.903722934,4.618069171,4.649808478,3.967413377,0.26978411,0.087283094
04/01/2021,Maritimes,WC+GM+TRU,000006280229292,AO MANUF.,-0.003,4309.180997,10234.498,1234.50542,2693.04499,23.17594656,44.80683002,142.9183371,176.1371939,2.696135117,2.935619898,3.175104679,3.043774315,1.560513735,1.993131404,0.231759466,0.077253155
04/01/2021,Maritimes,WC+GM+TRU,000816493010057,H,0.016,4407.809152,3326.60368,1204.500833,999.0085652,20.54922682,15.80709755,167.555234,167.555234,2.892698852,2.631881742,2.892698852,2.631881742,0,0,0,0
04/01/2021,Maritimes,WC+GM+TRU,000069685903809,AO MANUF.,-0.003,4221.989224,7776.442431,324.7684018,608.0603572,8.608319085,14.86891478,392.85238,399.8955502,10.17346801,10.00912737,10.17346801,10.17346801,0,9.038735039,0,0.109560425
04/01/2021,Maritimes,WC+GM+TRU,000005527083945,C,0.005,4126.163524,5734.563099,2055.349072,2655.405836,13.91884247,22.42480176,229.6609008,201.0499468,1.554270743,1.670261097,1.739855309,1.747587999,1.214032371,1.46147846,0.278376849,0.208782637
04/01/2021,Maritimes,WC+GM+TRU,000014973377002,E,-0.007,4013.817666,57.99197167,736.8846534,10.05194176,17.01097836,0,186.3475356,0,4.214083275,4.461515687,4.492444739,4.461515687,3.881595971,0,0.34795183,0
04/01/2021,Maritimes,WC+GM+TRU,000062784382360,AO MANUF.,-0.003,3855.16033,4467.676822,646.3741871,751.025246,6.155944639,4.616958479,467.8517926,702.5471819,4.586178756,4.578483825,4.586178756,4.578483825,0,0,0,0
04/01/2021,Maritimes,WC+GM+TRU,000069567600306,AO MANUF.,-0.003,3782.827981,3992.130098,737.9438636,698.6997165,13.85087544,15.3898616,214.6885693,200.0682008,3.9474995,4.393805486,4.501534517,4.470754794,2.423903202,3.439634067,0.207763132,0.053864516
04/01/2021,Maritimes,WC+GM+TRU,000005527084008,C,0.005,3425.34608,2282.550262,1154.961309,774.7897127,5.322402344,3.80171596,517.0333706,453.9248856,2.25821928,2.243012416,2.25821928,2.250615848,0,1.239359403,0,0.007603432
04/01/2021,Maritimes,WC+GM+TRU,000081627702101,AO MANUF.,-0.003,3409.623837,0,644.0657079,0,13.08138236,0,195.4512423,0,4.070618393,0,4.216822078,0,3.847465399,0,0.300102301,0
04/01/2021,Maritimes,WC+GM+TRU,000816493010026,H,0.016,3378.24253,2833.464979,938.012131,852.5263527,17.09715566,13.9885819,152.3201141,154.6515444,2.797716381,2.580116218,2.805487815,2.587887652,1.958401466,1.554286878,0.007771434,0
04/01/2021,Maritimes,WC+GM+TRU,000009734200009,AO MANUF.,-0.003,3283.426972,2972.551768,855.6763048,744.8693013,13.08138236,12.31188928,194.6817492,191.6037769,2.954853427,3.070277389,3.07797232,3.070277389,1.615935468,0,0.061559446,0
04/01/2021,Maritimes,WC+GM+TRU,000083690000555,AO MANUF.,-0.003,3251.877756,4377.646131,674.8454311,662.5335418,9.233916959,15.3898616,279.325988,222.3835001,3.708956645,5.086349258,5.155603635,5.417231282,2.800954811,2.88559905,0.469390779,0.1000341
04/01/2021,Maritimes,WC+GM+TRU,000081649301001,H,0.016,3273.328165,1830.172799,924.8006925,547.8861246,17.8742991,13.21143846,141.4401059,108.8000815,2.751087774,2.595659087,2.766630643,2.595659087,1.771887041,1.554286878,0.015542869,0
04/01/2021,Maritimes,WC+GM+TRU,000816277021026,AO MANUF.,-0.003,3087.206236,0,579.4282891,0,12.31188928,0,190.0647907,0,4.101398116,0,4.201432216,0,3.847465399,0,0.223152993,0
04/01/2021,Maritimes,WC+GM+TRU,000083690000784,AO MANUF.,-0.003,3084.897757,4882.433592,655.6081041,726.4014674,7.694930799,14.62036852,300.1023012,261.6276472,3.624312406,5.170993497,4.447670002,5.617299483,2.685530849,2.79325988,0.361661748,0.123118893
04/01/2021,Maritimes,WC+GM+TRU,000083690000788,AO MANUF.,-0.003,3072.585868,1459.728373,486.3196265,180.0613807,8.464423879,9.233916959,271.6310572,119.2714274,4.863196265,6.240588878,4.955535434,6.332928047,4.086008254,5.378756628,0.084644239,0.076949308
04/01/2021,Maritimes,WC+GM+TRU,000069685903813,AO MANUF.,-0.003,3047.192596,0,253.9327164,0,11.5423962,0,203.9156662,0,9.233916959,0,9.233916959,0,0,0,0,0
04/01/2021,Maritimes,WC+GM+TRU,000007215500005,AO MANUF.,-0.003,3028.724762,1168.090495,1102.683583,342.4244205,12.31188928,4.616958479,188.5258046,187.7563115,2.11610597,2.623971402,2.724005503,2.724005503,1.231188928,2.377733617,0.315492163,0.223152993
04/01/2021,Maritimes,WC+GM+TRU,000062784358269,AO MANUF.,-0.003,2904.066883,172.3664499,433.224604,24.62377856,9.233916959,2.30847924,250.085251,66.17640487,5.155603635,5.386451559,5.240247874,5.386451559,4.763162164,0,0.138508754,0
04/01/2021,Maritimes,WC+GM+TRU,000083690000741,AO MANUF.,-0.003,2892.524487,2207.675646,427.0686593,262.3971402,8.464423879,9.233916959,251.6242371,179.2918876,5.209468151,6.471436802,5.224858012,6.640725279,5.047874604,5.401841421,0.046169585,0.1000341
04/01/2021,Maritimes,WC+GM+TRU,000001121000651,B,-0.012,2684.874653,5889.20762,1115.929341,1796.963351,10.57037265,21.1407453,193.2868142,208.3873465,1.819614149,2.476487307,2.567090501,2.589741299,1.593106164,2.159376127,0.581370496,0.203857187
04/01/2021,Maritimes,WC+GM+TRU,000009734200004,AO MANUF.,-0.003,2714.771586,1793.688369,924.930682,552.4960314,12.31188928,10.77290312,167.7494914,130.0443305,2.262309655,2.50085251,2.293089378,2.60088661,1.408172336,2.139190762,0.030779723,0.169288478
04/01/2021,Maritimes,WC+GM+TRU,000007507610001,AO MANUF.,-0.003,2677.066425,3681.254894,907.2323412,954.171419,13.08138236,21.54580624,160.8240537,129.2748374,2.270004586,2.970243288,2.816344672,2.970243288,1.531291229,2.724005503,0.323187094,0.015389862
04/01/2021,Maritimes,WC+GM+TRU,000006961845187,AO MANUF.,-0.003,2675.527439,5987.425655,756.4116975,1397.399433,17.69834084,19.237327,114.6544689,237.7733617,2.724005503,3.293430382,3.201091212,3.308820243,1.592850675,1.946817492,0.230847924,0.007694931
04/01/2021,Maritimes,WC+GM+TRU,000081627702100,AO MANUF.,-0.003,2610.120527,0,489.3975988,0,12.31188928,0,158.5155745,0,4.101398116,0,4.209127147,0,3.847465399,0,0.223152993,0
04/01/2021,Maritimes,WC+GM+TRU,000087440800007,AO MANUF.,-0.003,2593.191679,2833.27352,532.4892113,598.6656161,10.00341004,13.08138236,206.9936385,169.2884776,3.747431299,3.639702268,3.762821161,3.732041437,3.316515174,2.747090295,0.023084792,0.069254377
04/01/2021,Maritimes,WC+GM+TRU,000087604500450,AO MANUF.,-0.003,2552.408546,5580.363815,450.1534517,974.9477322,9.233916959,16.92884776,210.0716108,248.5462648,4.363025763,4.401500417,5.224858012,5.271027597,2.939463565,3.493498583,0.29240737,0.377051609
04/01/2021,Maritimes,WC+GM+TRU,000006620011302,A,0.025,2547.237029,2278.570885,567.8803339,534.1991555,1.566566438,0.783283219,1498.420798,1575.965837,3.509108822,3.344619346,3.509108822,3.493443158,0,3.078303052,0,0.289814791
04/01/2021,Maritimes,WC+GM+TRU,000081649301015,H,0.016,2481.419001,1871.361401,685.4405133,562.6518499,14.76572534,14.76572534,130.5600978,100.2515036,2.813259249,2.587887652,2.844344987,2.587887652,1.585372616,0,0.023314303,0
04/01/2021,Maritimes,WC+GM+TRU,000083690000736,AO MANUF.,-0.003,2420.825229,1160.395564,420.1432216,144.664699,10.00341004,8.464423879,186.9868184,108.4985243,4.43228014,6.171334501,4.678517926,6.309843255,3.247260797,5.401841421,0.130813824,0.115423962
04/01/2021,Maritimes,WC+GM+TRU,000001121000614,B,-0.012,2364.743367,0,244.6286242,0,9.060319415,0,194.0418408,0,7.301107395,0,7.301107395,0,0,0,0,0
04/01/2021,Maritimes,WC+GM+TRU,000007507610021,AO MANUF.,-0.003,2378.50311,4489.992121,788.7304069,1174.24644,12.31188928,17.69834084,146.2036852,196.2207354,2.323869101,2.939463565,2.954853427,2.939463565,1.415867267,0,0.315492163,0
04/01/2021,Maritimes,WC+GM+TRU,000069685903805,AO MANUF.,-0.003,2333.872511,2530.093247,201.6071869,216.2275554,5.386451559,6.925437719,316.2616558,290.8683842,8.910729865,9.003069035,9.272391613,9.126187927,5.825062615,7.664151076,0.084644239,0.061559446
04/01/2021,Maritimes,WC+GM+TRU,000528700001649,AO MANUF.,-0.003,2296.936843,0,526.3332666,0,5.386451559,0,329.3430382,0,3.354989828,0,3.455023929,0,3.101057112,0,0.207763132,0
04/01/2021,Maritimes,WC+GM+TRU,000083690000546,AO MANUF.,-0.003,2276.930023,1124.998883,339.3464482,139.2782475,8.464423879,9.233916959,213.9190762,96.18663498,5.163298566,6.217504085,5.194078289,6.35601284,4.478449725,5.340281974,0.030779723,0.107729031
04/01/2021,Maritimes,WC+GM+TRU,000083690000254,AO MANUF.,-0.003,2261.540162,1014.191879,372.4346507,130.8138236,8.464423879,9.233916959,197.7597215,82.33575955,4.670822995,5.963571369,4.970925296,6.002046023,3.408854344,5.424926213,0.146203685,0.046169585
04/01/2021,Maritimes,WC+GM+TRU,000062805547803,AO MANUF.,-0.003,2254.614724,0,330.1125313,0,12.31188928,0,140.8172336,0,5.255637736,0,5.332587044,0,3.116446974,0,0.023084792,0
04/01/2021,Maritimes,WC+GM+TRU,000062178703797,L,-0.006,2195.062067,1767.442709,255.9639849,213.4299103,7.595370473,6.076296379,218.7466696,230.1397253,6.516827866,6.288966752,6.630758423,6.554804718,5.666146373,5.111684329,0.091144446,0.144312039
04/01/2021,Maritimes,WC+GM+TRU,000081627702104,AO MANUF.,-0.003,2180.743388,0,410.1398116,0,10.00341004,0,161.5935468,0,4.093703185,0,4.209127147,0,3.847465399,0,0.253932716,0
04/01/2021,Maritimes,WC+GM+TRU,000069685903807,AO MANUF.,-0.003,2147.655186,2192.285785,240.851334,251.6242371,6.155944639,7.694930799,283.1734534,217.7665416,6.863878273,6.702284726,6.863878273,6.856183342,0,5.440316075,0,0.084644239
04/01/2021,Maritimes,WC+GM+TRU,000074125896357,AO MANUF.,-0.003,2093.79067,641.7572286,320.8786143,87.72221111,6.925437719,9.233916959,242.3903202,53.09502251,5.024789812,5.632689345,5.024789812,5.809672753,0,5.386451559,0,0.323187094
04/01/2021,Maritimes,WC+GM+TRU,000001121063014,B,-0.012,2020.451229,3477.652602,833.5493862,1145.375379,10.57037265,18.87566545,142.7000308,136.6598178,1.827164415,2.295280918,2.310381451,2.423635443,1.60065643,2.189577192,0.5134181,0.422814906
04/01/2021,Maritimes,WC+GM+TRU,000005835300100,F,0.025,2011.275879,1945.437706,430.3568347,419.1161711,9.634854508,8.831949966,166.2012403,182.2593311,3.749564213,3.725477077,3.749564213,3.749564213,0,3.31599576,0,0.048174273
04/01/2021,Maritimes,WC+GM+TRU,000005517000014,AO MANUF.,-0.003,1867.80369,2711.618541,831.8032512,1195.15413,6.005799648,7.50724956,243.2348857,268.7595342,1.689131151,1.70414565,1.7116529,1.70414565,0.893362698,0,0.022521749,0
04/01/2021,Maritimes,WC+GM+TRU,000003649402022,AO MANUF.,-0.003,1859.545716,2246.919793,713.1887082,888.1076229,3.75362478,7.50724956,385.1219024,231.2232864,1.959392135,1.899334139,2.162087873,2.011942882,1.629073154,1.471420914,0.285275483,0.150144991
04/01/2021,Maritimes,WC+GM+TRU,000083690000299,AO MANUF.,-0.003,1828.765993,0,261.2522847,0,6.756524604,0,206.4493629,0,5.255074692,0,5.255074692,0,0,0,0,0
04/01/2021,Maritimes,WC+GM+TRU,000006961845672,AO MANUF.,-0.003,1821.258743,3093.737544,631.359688,821.2931018,9.759424428,15.76522408,144.1391915,145.6406415,2.162087873,2.830233084,2.702609842,2.830233084,1.35881217,1.501449912,0.300289982,0
04/01/2021,Maritimes,WC+GM+TRU,000009428218318,AO MANUF.,-0.003,1799.487719,3205.595562,602.0814147,810.7829525,16.51594903,15.01449912,81.07829525,159.1536907,2.244667618,2.965363576,2.882783831,2.995392574,1.418870167,2.612522847,0.330318981,0.060057996
04/01/2021,Maritimes,WC+GM+TRU,000003934800020,AO MANUF.,-0.003,1799.487719,2007.438532,303.2928822,342.3305799,9.759424428,12.0115993,143.3884666,129.1246924,4.451798989,4.399248242,4.451798989,4.399248242,0,0,0,0
04/01/2021,Maritimes,WC+GM+TRU,000005527083976,C,0.005,1735.807872,2002.855237,405.0218369,473.2672746,6.676184125,8.159780597,201.027322,175.806182,3.182314433,3.137806539,3.301002151,3.367763992,1.750643837,2.41826225,0.059343859,0.178031577
04/01/2021,Maritimes,WC+GM+TRU,000007507610016,AO MANUF.,-0.003,1717.658699,2279.200966,629.8582381,599.8292398,9.008699472,16.51594903,137.3826669,102.849319,2.04947913,2.852754833,2.522435852,2.875276581,1.36631942,1.914348638,0.307797232,0.022521749
04/01/2021,Maritimes,WC+GM+TRU,000062178703654,L,-0.006,1681.355669,0,311.9659482,0,8.151129288,0,155.6124682,0,3.994053351,0,4.194126525,0,3.682828415,0,0.288994584,0
04/01/2021,Maritimes,WC+GM+TRU,000009734200161,AO MANUF.,-0.003,1700.392025,2741.647539,430.1653998,693.6698593,8.257974516,13.51304921,158.4029657,152.3971661,2.965363576,2.965363576,2.995392574,2.965363576,2.04947913,0,0.022521749,0
04/01/2021,Maritimes,WC+GM+TRU,000083690000653,AO MANUF.,-0.003,1665.107952,760.4843804,296.5363576,93.8406195,7.50724956,7.50724956,162.1565905,78.07539542,4.219074253,6.080872143,4.451798989,6.178466388,3.205595562,5.270089191,0.142637742,0.075072496
04/01/2021,Maritimes,WC+GM+TRU,000001121060684,B,-0.012,1630.120883,1356.101467,318.9527079,224.666457,9.575947349,9.575947349,125.2239269,102.3889755,3.764083919,4.449132461,3.94087064,4.449132461,3.160062625,4.09555902,0.169420607,0
04/01/2021,Maritimes,WC+GM+TRU,000069685903803,AO MANUF.,-0.003,1533.731085,1261.217926,180.1739894,149.3942662,5.255074692,5.255074692,220.7131371,170.414565,6.388669375,6.336118628,6.47875637,6.381162126,3.535914543,3.948813268,0.022521749,0.015014499
04/01/2021,Maritimes,WC+GM+TRU,000083690000879,AO MANUF.,-0.003,1530.728185,835.556876,266.5073594,101.3478691,6.005799648,9.008699472,199.6928383,67.56524604,4.309161247,6.185973637,4.399248242,6.276060632,3.663537785,5.240060193,0.090086995,0.067565246
04/01/2021,Maritimes,WC+GM+TRU,000190298000872,K,0.025,1554.360806,1591.296112,412.4442534,267.0114849,14.6202254,10.00331212,83.87392466,126.9651153,2.900960514,4.586133862,4.1475271,4.855453804,2.19303381,3.278008432,0.49247075,0.130812543
04/01/2021,Maritimes,WC+GM+TRU,000085597412586,AO MANUF.,-0.003,1492.441212,385.1219024,283.0233084,54.05219683,6.756524604,5.255074692,171.16529,51.80002196,3.956320518,5.352668936,4.09895826,5.352668936,2.890291081,0,0.082579745,0
04/01/2021,Maritimes,WC+GM+TRU,000098654558975,AO MANUF.,-0.003,1469.919464,1005.971441,244.7363356,118.614543,5.255074692,6.005799648,198.9421133,124.6203427,4.511856985,6.366147627,4.654494727,6.546321616,2.972870826,5.247567442,0.067565246,0.105101494
04/01/2021,Maritimes,WC+GM+TRU,000083690054879,AO MANUF.,-0.003,1440.641191,305.5450571,264.2551845,42.04059753,6.005799648,5.255074692,184.6783392,42.79132249,4.09145101,5.45777043,4.204059753,5.525335676,3.07046507,5.345161687,0.075072496,0.285275483
04/01/2021,Maritimes,WC+GM+TRU,000062784344695,AO MANUF.,-0.003,1439.139741,1163.623682,249.2406854,198.9421133,12.76232425,13.51304921,82.57974516,65.31307117,4.331682996,4.391740992,4.526871485,4.391740992,1.749189147,0,0.052550747,0
04/01/2021,Maritimes,WC+GM+TRU,000062805547805,AO MANUF.,-0.003,1337.791872,0,210.2029877,0,7.50724956,0,136.631942,0,4.77461072,0,4.812146968,0,2.672580843,0,0.015014499,0
04/01/2021,Maritimes,WC+GM+TRU,000005527084016,C,0.005,1283.310948,1507.334016,328.6166186,367.1901269,5.934385889,8.159780597,164.6792084,137.2326737,2.900431103,3.04879075,3.241658292,3.04879075,1.639374102,1.565194278,0.163195612,0
04/01/2021,Maritimes,WC+GM+TRU,000069685903828,AO MANUF.,-0.003,1089.301911,1213.171529,132.1275923,141.1362917,6.005799648,4.504349736,138.8841169,205.6986379,6.185973637,6.456234621,6.448727372,6.47875637,2.912812829,5.990785149,0.052550747,0.037536248
04/01/2021,Maritimes,WC+GM+TRU,000086390000558,AO MANUF.,-0.003,1054.017838,752.2264059,159.1536907,90.08699472,5.255074692,6.756524604,142.6377416,84.83192003,4.969799209,6.268553382,5.28510369,6.47875637,2.747653339,5.217538444,0.090086995,0.127623243
04/01/2021,Maritimes,WC+GM+TRU,000009734200075,AO MANUF.,-0.003,1053.267113,1210.919354,271.0117091,303.2928822,8.257974516,6.005799648,91.58844463,144.1391915,2.920320079,2.995392574,2.935334578,2.995392574,2.109537126,0,0.015014499,0
04/01/2021,Maritimes,WC+GM+TRU,000083690000644,AO MANUF.,-0.003,1048.762764,0,150.1449912,0,6.005799648,0,137.3826669,0,5.247567442,0,5.247567442,0,0,0,0,0
04/01/2021,Maritimes,WC+GM+TRU,000062805547804,AO MANUF.,-0.003,1017.232315,0,159.9044156,0,6.005799648,0,121.6174429,0,4.77461072,0,5.180002196,0,3.318204305,0,0.16515949,0
04/01/2021,Maritimes,WC+GM+TRU,000871410053618,AO MANUF.,-0.003,977.4438927,1677.119552,286.0262082,406.1422012,6.756524604,7.50724956,104.3507689,165.9102153,2.567479349,3.100494068,3.228117311,3.198088312,1.726667399,2.90530558,0.330318981,0.247739235
04/01/2021,Maritimes,WC+GM+TRU,000079966596987,AO MANUF.,-0.003,900.8699472,0,90.08699472,0,5.255074692,0,123.1188928,0,7.50724956,0,7.50724956,0,0,0,0,0
04/01/2021,Maritimes,WC+GM+TRU,000003827467582,AO MANUF.,-0.003,875.3452987,164.4087654,298.7885325,56.3043717,0.750724956,0.750724956,618.5973637,202.6957381,2.199624121,2.192116871,2.252174868,2.252174868,1.899334139,1.606551406,0.105101494,0.067565246
04/01/2021,Maritimes,WC+GM+TRU,000067253152007,AO MANUF.,-0.003,657.6350614,760.4843804,102.098594,110.3565685,4.504349736,4.504349736,111.1072935,122.3681678,4.834668716,5.172494947,5.1199442,5.29261094,2.815218585,0.608087214,0.090086995,0.022521749
04/01/2021,Maritimes,WC+GM+TRU,000003649402012,AO MANUF.,-0.003,620.0988136,746.2206062,238.730536,306.295782,1.501449912,4.504349736,262.7537346,123.1188928,1.951884886,1.831768893,1.966899385,1.906841388,1.786725395,1.313768673,0.060057996,0.105101494
04/01/2021,Maritimes,WC+GM+TRU,000004139000701,AO MANUF.,-0.003,617.0959138,1150.110633,168.1623901,343.0813049,1.501449912,4.504349736,255.246485,191.4348638,2.755160588,2.514928603,2.800204086,2.665073594,2.417334358,2.079508128,0.090086995,0.187681239
04/01/2021,Maritimes,WC+GM+TRU,000600377000051,D,0.017,631.518355,5137.73724,292.2410947,1322.41023,7.710846825,26.21687921,64.00002865,149.5904284,1.665542914,2.999519415,1.79662731,3.207712279,1.650121221,2.243856426,0.670843674,0.16963863
04/01/2021,Maritimes,WC+GM+TRU,000871410053620,AO MANUF.,-0.003,566.0466168,984.2004173,162.9073154,232.7247364,6.005799648,4.504349736,69.81742091,153.898616,2.605015597,3.175566564,3.100494068,3.250639059,1.996928383,2.89779833,0.330318981,0.16515949
04/01/2021,Maritimes,WC+GM+TRU,000003904503508,AO MANUF.,-0.003,563.7944419,480.4639718,189.9334139,168.1623901,1.501449912,1.501449912,324.313181,269.5102592,2.229653119,2.147073374,2.259682117,2.207131371,1.929363137,1.974406634,0.060057996,0.210202988
04/01/2021,Maritimes,WC+GM+TRU,000087604500462,AO MANUF.,-0.003,545.777043,2978.1259,137.3826669,838.5597758,11.26087434,12.0115993,36.03479789,184.6783392,2.980378075,2.665073594,3.032928822,2.950349077,1.87681239,2.21463862,0.030028998,0.292782733
04/01/2021,Maritimes,WC+GM+TRU,000885018005101,AO MANUF.,-0.003,542.7741432,25.5246485,213.2058875,9.008699472,1.501449912,0,271.7624341,0,1.914348638,2.124551625,1.944377636,2.124551625,1.854290641,0,0.292782733,0
04/01/2021,Maritimes,WC+GM+TRU,000005527084049,C,0.005,522.9677565,1054.837092,88.2739901,175.806182,3.708991181,5.192587653,104.5935513,141.6834631,4.391445558,4.450789417,4.391445558,4.450789417,0,0,0,0
04/01/2021,Maritimes,WC+GM+TRU,000065527300067,D,0.017,520.4821607,2996.435076,224.3856426,816.5786788,6.939762143,18.50603238,57.83135119,125.6868032,1.788916463,2.829880785,1.9431334,3.007230262,1.750362229,1.927711706,0.616867746,0.131084396
04/01/2021,Maritimes,WC+GM+TRU,000073355305214,AO MANUF.,-0.003,490.9741212,0,141.8870167,0,1.501449912,0,233.4754613,0,2.597508348,0,2.597508348,0,0,0,0,0
04/01/2021,Maritimes,WC+GM+TRU,000065527300004,D,0.017,474.9881644,2802.121736,218.9880498,742.5545493,3.08433873,17.7349477,110.2651096,123.3735492,1.673253761,2.906989253,2.159037111,3.06120619,1.549880212,2.097350336,0.616867746,0.115662702
04/01/2021,Maritimes,WC+GM+TRU,000065527300007,D,0.017,471.132741,1859.08517,260.6266227,453.3977933,6.939762143,12.33735492,52.43375841,116.4337871,1.395663275,3.161447198,1.596145293,3.23084482,1.326265654,2.351808282,0.578313512,0.053975928
04/01/2021,Maritimes,WC+GM+TRU,000619400870101,AO MANUF.,-0.003,435.4204745,103.6000439,181.6754393,52.55074692,3.75362478,0,93.8406195,259.0001098,1.801739894,1.478928163,1.801739894,1.478928163,0,0,0,0
04/01/2021,Maritimes,WC+GM+TRU,000077229102620,AO MANUF.,-0.003,409.145101,0,49.54784709,0,0,0,4091.45101,0,6.200988136,0,7.50724956,0,6.080872143,0,0.690666959,0
04/01/2021,Maritimes,WC+GM+TRU,000062805545503,AO MANUF.,-0.003,393.3798769,200.4435632,54.05219683,27.77682337,0,0,1311.516498,646.3741871,5.46527768,5.420234182,5.487799428,5.420234182,5.255074692,0,0.082579745,0
04/01/2021,Maritimes,WC+GM+TRU,000008061400033,AO MANUF.,-0.003,388.1248022,589.3190904,83.33047011,108.8551186,0.750724956,0.750724956,388.1248022,497.7306458,3.490871045,4.061422012,3.963827768,4.2566105,3.047943321,3.280668058,0.382869728,0.150144991
04/01/2021,Maritimes,WC+GM+TRU,000075346901004,I,-0.005,353.3952095,356.2978396,37.00853324,39.18550578,1.451315029,1.451315029,145.1315029,172.7064884,6.930029263,6.596226806,7.568607875,6.596226806,3.947576878,0,0.130618353,0
04/01/2021,Maritimes,WC+GM+TRU,000007639788914,AO MANUF.,-0.003,349.2312437,253.7150061,341.7690377,244.7603588,0.746220606,0.746220606,398.4818037,217.1501964,0.761145018,0.77606943,0.761145018,0.77606943,0,0,0,0
04/01/2021,Maritimes,WC+GM+TRU,000004169564639,AO MANUF.,-0.003,336.5454934,562.6503371,58.20520729,78.35316366,1.492441212,2.238661819,161.9298716,214.9115346,4.313155104,5.357863953,4.313155104,5.357863953,0,5.469797044,0,0.022386618
04/01/2021,Maritimes,WC+GM+TRU,000006620011301,A,0.025,338.0191867,426.1320533,82.03611722,101.7855528,0.759593678,0.759593678,238.5124149,331.9424373,3.129525953,3.182697511,3.251060942,3.319424373,3.007990965,3.023182838,0.379796839,0.357009029
04/01/2021,Maritimes,WC+GM+TRU,000007182801131,AO MANUF.,-0.003,326.8446255,1543.930434,75.36828123,441.0163783,2.238661819,8.208426669,108.2019879,138.0508122,3.238597431,2.611772122,3.656480971,3.395303758,2.358057116,1.887938134,0.238790594,0.388034715
04/01/2021,Maritimes,WC+GM+TRU,000075346901002,I,-0.005,286.6347182,333.0767991,34.10590318,43.53945087,1.451315029,2.176972543,126.2644075,117.5565173,6.095523121,5.551279985,6.095523121,5.551279985,0,0,0,0
04/01/2021,Maritimes,WC+GM+TRU,000007245788022,AO MANUF.,-0.003,269.3856389,432.061731,57.45898668,99.99356124,0,0,673.0909868,1270.813692,3.499774643,3.231135225,3.395303758,3.835573916,4.014666862,2.589385504,0.126857503,0.358185891
04/01/2021,Maritimes,WC+GM+TRU,000005527083941,C,0.005,225.6283187,29.49389787,112.0768119,14.00960149,1.474694893,0,113.5515068,0,1.482068368,1.555803113,1.482068368,1.555803113,0,0,0,0
04/01/2021,Maritimes,WC+GM+TRU,000007639788925,AO MANUF.,-0.003,214.9115346,95.5162376,149.9903419,70.14473699,0,0.746220606,716.371782,155.2138861,1.067095467,1.014860024,1.067095467,1.014860024,0,0,0,0
04/01/2021,Maritimes,WC+GM+TRU,000006720000739,G,-0.009,183.9509845,113.4858896,12.60954329,7.417378405,1.483475681,0.741737841,106.0685112,98.65113279,10.82195509,11.34858896,10.82195509,11.86780545,0,6.675640565,0,0.074173784
04/01/2021,Maritimes,WC+GM+TRU,000062784310244,AO MANUF.,-0.003,171.6307394,276.1016243,18.65551516,29.84882425,0,0,572.351205,563.3965577,6.865229577,6.902540608,6.865229577,6.902540608,0,0,0,0
04/01/2021,Maritimes,WC+GM+TRU,000366060300485,AO MANUF.,-0.003,160.4374303,61.19008971,30.59504486,11.9395297,0,0,0,0,3.910195977,3.82811171,3.910195977,3.82811171,0,0,0,0
04/01/2021,Maritimes,WC+GM+TRU,000036494020323,AO MANUF.,-0.003,158.1987685,0,58.95142789,0,0.746220606,0,132.0810473,0,1.999871225,0,1.999871225,0,0,0,0,0
04/01/2021,Maritimes,WC+GM+TRU,000006227355349,AO MANUF.,-0.003,154.4676655,260.4309916,53.72788365,78.35316366,2.238661819,2.238661819,48.50433941,82.08426669,2.149115346,2.477452413,2.201350788,2.477452413,1.940173576,0,0.156706327,0
04/01/2021,Maritimes,WC+GM+TRU,000071498355628,AO MANUF.,-0.003,138.7970328,423.1070837,32.83370667,76.86072244,0,2.238661819,0,155.9601067,3.156513164,4.104213334,3.156513164,5.156384389,0,2.193888582,0,0.261177212
04/01/2021,Maritimes,WC+GM+TRU,000062784349805,AO MANUF.,-0.003,132.8272679,60.44386911,16.41685334,7.462206062,0,0,442.5088195,188.7938134,6.036924704,6.044386911,6.051849117,6.044386911,5.96976485,0,0.104470885,0
04/01/2021,Maritimes,WC+GM+TRU,000004169519639,AO MANUF.,-0.003,129.8423855,335.0530522,26.86394182,46.26567759,1.492441212,0.746220606,57.45898668,239.5368146,3.604245528,5.402637189,3.604245528,5.402637189,0,0,0,0
04/01/2021,Maritimes,WC+GM+TRU,000885062088801,AO MANUF.,-0.003,128.3499443,96.26245821,52.98166304,32.08748607,0.746220606,0,160.4374303,0,1.805853867,2.238661819,1.805853867,2.238661819,0,0,0,0
04/01/2021,Maritimes,WC+GM+TRU,000885062088825,AO MANUF.,-0.003,114.9179734,76.86072244,52.98166304,46.26567759,0,0,0,0,1.619298716,1.238726206,1.619298716,1.238726206,0,0,0,0
04/01/2021,Maritimes,WC+GM+TRU,000062805545506,AO MANUF.,-0.003,111.1868703,73.12961941,15.67063273,10.44708849,0,0,370.8716413,244.0141382,5.298166304,5.223544244,5.298166304,5.223544244,0,0,0,0
04/01/2021,Maritimes,WC+GM+TRU,000081649301019,H,0.016,106.263182,168.0616283,33.1601419,58.03024833,0,0.753639589,354.2106067,280.353927,2.411646684,2.185554807,2.411646684,2.200627599,0,1.507279177,0,0.022609188
04/01/2021,Maritimes,WC+GM+TRU,000006280230332,AO MANUF.,-0.003,92.53135517,3220.688137,21.64039758,915.6126839,1.492441212,11.9395297,54.47410426,199.9871225,3.193824195,2.626696534,3.253521843,2.902798158,1.492441212,1.746156219,0.022386618,0.179092945
04/01/2021,Maritimes,WC+GM+TRU,000001760002120,K,0.025,94.07884199,1224.554683,53.54080438,560.6487088,2.294605902,9.943292243,37.47856307,94.07884199,1.346168796,1.667413622,1.606224132,1.850982094,0.979031852,1.231438501,0.31359614,0.221811904
04/01/2021,Maritimes,WC+GM+TRU,000087791400123,AO MANUF.,-0.003,91.03891396,38.05725092,14.92441212,8.208426669,0,0,303.7117867,95.5162376,4.551945698,3.462463613,4.596718934,3.731103031,3.731103031,2.984882425,0.03731103,0.268639418
04/01/2021,Maritimes,WC+GM+TRU,000071498355622,AO MANUF.,-0.003,89.54647275,579.813411,16.41685334,92.53135517,0,3.731103031,0,117.1566352,4.066902304,4.678803201,4.066902304,5.133997771,0,2.984882425,0,0.156706327
04/01/2021,Maritimes,WC+GM+TRU,000001120600419,AO MANUF.,-0.003,87.30781093,112.6793115,9.700867881,12.68575031,0,0,0,282.0713892,6.715985456,6.626438983,6.715985456,6.626438983,0,0,0,0
04/01/2021,Maritimes,WC+GM+TRU,000869907329191,AO MANUF.,-0.003,85.06914911,72.38339881,28.35638304,28.35638304,0,0,283.5638304,241.0292558,2.238661819,1.902862546,2.238661819,2.022257843,0,1.387970328,0,0.134319709
04/01/2021,Maritimes,WC+GM+TRU,000330276225302,AO MANUF.,-0.003,83.5767079,89.54647275,20.89417697,22.38661819,0,0,278.3402861,240.2830352,2.984882425,2.984882425,2.984882425,2.984882425,0,0,0,0
04/01/2021,Maritimes,WC+GM+TRU,000071498355627,AO MANUF.,-0.003,82.83048729,417.1373189,12.68575031,68.65229577,0,2.984882425,0,106.7095467,4.872820559,4.537021286,4.872820559,4.932518207,0,2.790865067,0,0.141781915
04/01/2021,Maritimes,WC+GM+TRU,000005527084050,C,0.005,77.4214819,0,25.80716063,0,0.737347447,0,64.88657531,0,2.21204234,0,2.21204234,0,0,0,0,0
04/01/2021,Maritimes,WC+GM+TRU,000003649402014,AO MANUF.,-0.003,77.01475195,44.8629623,17.19746888,8.97259246,0,0,256.4666011,0,3.349767852,3.738580192,3.349767852,3.738580192,0,0,0,0
04/01/2021,Maritimes,WC+GM+TRU,000001121065227,B,-0.012,68.96394454,191.484995,20.54245157,43.28588008,1.467317969,1.467317969,38.88392618,93.90835001,2.465094188,3.242772711,2.531123496,3.433524047,2.296352621,2.200976953,0.212761106,0.110048848
04/01/2021,Maritimes,WC+GM+TRU,000082182600546,AO MANUF.,-0.003,70.09837859,252.5049121,26.38111022,91.95701278,1.507492013,2.261238019,30.90358626,77.63583866,2.004964377,2.072801518,2.261238019,2.072801518,0.972332348,0,0.150749201,0
04/01/2021,Maritimes,WC+GM+TRU,000085356600109,AO MANUF.,-0.003,69.34463259,0,12.0599361,0,0,0,0,0,4.334039537,0,4.334039537,0,0,0,0,0
04/01/2021,Maritimes,WC+GM+TRU,000007097850351,AO MANUF.,-0.003,64.06841054,0,12.81368211,0,0,0,0,0,3.768730032,0,3.768730032,0,0,0,0,0
04/01/2021,Maritimes,WC+GM+TRU,000007121769956,AO MANUF.,-0.003,63.31466454,34.67231629,27.13485623,15.82866613,0,0,0,0,1.756228195,1.650703754,1.756228195,1.650703754,0,0,0,0
04/01/2021,Maritimes,WC+GM+TRU,000077264302200,AO MANUF.,-0.003,61.80717252,0,58.7921885,0,0.753746006,0,94.9719968,0,0.791433307,0,0.791433307,0,0,0,0,0
04/01/2021,Maritimes,WC+GM+TRU,000001760002139,K,0.025,60.26140331,720.8190934,33.22103003,329.1199719,2.317746281,6.953238843,18.54197025,81.89370193,1.39837359,1.691954785,1.48335762,1.792390457,0.996630901,1.251582992,0.123613135,0.146790598
04/01/2021,Maritimes,WC+GM+TRU,000018158800055,AO MANUF.,-0.003,58.03844249,10.55244409,8.29120607,1.507492013,0,0,0,0,5.276222045,5.276222045,5.276222045,5.276222045,0,0,0,0
04/01/2021,Maritimes,WC+GM+TRU,000330276225307,AO MANUF.,-0.003,55.77720447,63.31466454,14.32117412,15.82866613,0,0,186.1752636,211.0488818,2.932071965,3.014984025,2.932071965,3.014984025,0,0,0,0
04/01/2021,Maritimes,WC+GM+TRU,000007121769990,AO MANUF.,-0.003,53.51596645,92.71075878,37.68730032,39.19479233,0,0,0,0,1.070319329,1.786378035,1.070319329,1.786378035,0,0,0,0
04/01/2021,Maritimes,WC+GM+TRU,000018158800060,AO MANUF.,-0.003,52.76222045,47.4859984,7.537460064,6.783714057,0,0,0,0,5.276222045,5.276222045,5.276222045,5.276222045,0,0,0,0
04/01/2021,Maritimes,WC+GM+TRU,000006235654010,AO MANUF.,-0.003,52.00847444,591.690615,32.41107827,213.3101198,0,3.768730032,0,107.7856789,1.20599361,2.087876438,1.20599361,2.087876438,0,0,0,0
04/01/2021,Maritimes,WC+GM+TRU,000077431025410,AO MANUF.,-0.003,52.00847444,195.2202156,33.91857029,67.08339457,0,0,0,471.091254,1.15323139,2.193400879,1.15323139,2.261238019,0,1.507492013,0,0.067837141
04/01/2021,Maritimes,WC+GM+TRU,000001760002121,K,0.025,50.21783609,790.3514818,31.67586584,400.1975245,1.545164187,6.953238843,24.722627,91.93726915,1.228405529,1.521986725,1.630148218,1.715132248,0.90392105,1.097066573,0.432645972,0.239500449
04/01/2021,Maritimes,WC+GM+TRU,000003649402034,AO MANUF.,-0.003,48.99349041,0,9.044952076,0,0,0,0,0,4.085303355,0,4.085303355,0,0,0,0,0
04/01/2021,Maritimes,WC+GM+TRU,000007121769989,AO MANUF.,-0.003,46.73225239,39.19479233,18.84365016,18.08990415,0,0,0,0,1.869290096,1.635628834,1.869290096,1.635628834,0,0,0,0
04/01/2021,Maritimes,WC+GM+TRU,000018158800028,AO MANUF.,-0.003,42.20977636,41.45603035,6.029968051,6.029968051,0,0,0,0,5.276222045,5.185772524,5.276222045,5.185772524,0,0,0,0
04/01/2021,Maritimes,WC+GM+TRU,000007468008914,AO MANUF.,-0.003,40.70228434,113.061901,13.56742811,37.68730032,0,0,0,0,2.261238019,2.261238019,2.261238019,2.261238019,0,0,0,0
04/01/2021,Maritimes,WC+GM+TRU,000077264302202,AO MANUF.,-0.003,39.19479233,0,37.68730032,0,0.753746006,0,78.38958466,0,0.783895847,0,0.783895847,0,0,0,0,0
04/01/2021,Maritimes,WC+GM+TRU,000018158800026,AO MANUF.,-0.003,37.68730032,21.10488818,5.276222045,3.014984025,0,0,0,0,5.381746485,5.276222045,5.381746485,5.276222045,0,0,0,0
04/01/2021,Maritimes,WC+GM+TRU,000077952910666,AO MANUF.,-0.003,34.67231629,68.59088658,9.044952076,18.08990415,0,0,0,0,2.886847204,2.856697364,2.886847204,2.856697364,0,0,0,0
04/01/2021,Maritimes,WC+GM+TRU,000077379801012,AO MANUF.,-0.003,34.67231629,0,5.276222045,0,0,0,0,0,4.952111262,0,4.952111262,0,0,0,0,0
04/01/2021,Maritimes,WC+GM+TRU,000077264302201,AO MANUF.,-0.003,34.67231629,0,33.16482428,0,0,0,115.323139,0,0.791433307,0,0.791433307,0,0,0,0,0
04/01/2021,Maritimes,WC+GM+TRU,000071498355623,AO MANUF.,-0.003,31.65733227,317.3270687,4.522476038,52.00847444,0,1.507492013,0,155.2716773,5.276222045,4.597850639,5.276222045,4.869199201,0,3.58783099,0,0.158286661
04/01/2021,Maritimes,WC+GM+TRU,000480652357045,AO MANUF.,-0.003,30.90358626,0,9.044952076,0,0,0,0,0,2.577811342,0,2.577811342,0,0,0,0,0
04/01/2021,Maritimes,WC+GM+TRU,000007788588200,AO MANUF.,-0.003,27.88860224,33.16482428,15.82866613,10.55244409,0.753746006,0,36.93355431,101.0019649,1.326592971,2.36676246,1.341667891,2.449674521,1.258755831,1.884365016,0.105524441,0.105524441
04/01/2021,Maritimes,WC+GM+TRU,000086390000266,AO MANUF.,-0.003,26.38111022,20.35114217,5.276222045,2.261238019,0,0,0,0,3.768730032,6.783714057,3.768730032,6.783714057,0,0,0,0
04/01/2021,Maritimes,WC+GM+TRU,000619404910004,AO MANUF.,-0.003,25.62736422,727.3648961,18.08990415,508.0248083,2.261238019,5.276222045,9.044952076,111.5544089,1.070319329,1.077856789,1.070319329,1.077856789,0,0,0,0
04/01/2021,Maritimes,WC+GM+TRU,000062491300081,J,0.015,20.57834605,19.10846419,33.8072828,15.43375954,0.73494093,0,16.9036414,43.36151489,0.448313968,0.911326754,0.859880889,0.911326754,0.389518693,0,0.639398609,0
04/01/2021,Maritimes,WC+GM+TRU,000071618411126,AO MANUF.,-0.003,20.68279041,144.7795329,5.170697604,36.19488323,0,0,0,0,2.954684345,2.954684345,2.954684345,2.954684345,0,0,0,0
04/01/2021,Maritimes,WC+GM+TRU,000366060300484,AO MANUF.,-0.003,18.46677716,15.51209281,3.693355431,2.954684345,0,0,0,0,3.693355431,3.878023203,3.693355431,3.878023203,0,0,0,0
04/01/2021,Maritimes,WC+GM+TRU,000088087977171,AO MANUF.,-0.003,17.72810607,0,7.386710862,0,0,0,0,0,1.772810607,0,1.772810607,0,0,0,0,0
04/01/2021,Maritimes,WC+GM+TRU,000075346900016,I,-0.005,17.23958475,43.09896188,2.154948094,5.746528251,0,0,0,0,5.746528251,5.387370235,5.746528251,5.387370235,0,0,0,0
04/01/2021,Maritimes,WC+GM+TRU,000006280234402,AO MANUF.,-0.003,17.0919869,1089.428383,4.458779193,407.2351663,0.743129865,8.17442852,21.5507661,95.86375264,2.846187385,1.991588039,2.846187385,2.578660633,0,1.746355184,0,0.527622204
04/01/2021,Maritimes,WC+GM+TRU,000062491300083,J,0.015,15.52692106,2.218131581,6.654394742,0.739377194,0.739377194,0,13.30878948,7.393771936,1.722748861,2.218131581,2.033287282,2.218131581,1.478754387,0,0.414051228,0
04/01/2021,Maritimes,WC+GM+TRU,000062491300087,J,0.015,14.78754387,4.436263161,10.35128071,1.478754387,0.739377194,0,12.56941229,17.74505265,1.057309387,2.218131581,2.218131581,2.218131581,0.739377194,0,0.584107983,0
04/01/2021,Maritimes,WC+GM+TRU,000081199500123,AO MANUF.,-0.003,13.37633758,0,1.486259731,0,0,0,0,0,6.688168789,0,6.688168789,0,0,0,0,0
04/01/2021,Maritimes,WC+GM+TRU,000006720000729,G,-0.009,13.295982,13.295982,0.738665667,1.477331333,0,0.738665667,0,11.079985,13.295982,6.647991,13.295982,6.647991,0,0,0,0
04/01/2021,Maritimes,WC+GM+TRU,000006720000730,G,-0.009,13.295982,84.20788601,0.738665667,6.647991,0,0,0,280.6929534,13.295982,9.358893997,13.295982,9.358893997,0,0,0,0
04/01/2021,Maritimes,WC+GM+TRU,000062491300086,J,0.015,12.56941229,0,8.872526323,0,0.739377194,0,10.35128071,0,1.049915615,0,1.974137107,0,0.739377194,0,0.554532895,0
04/01/2021,Maritimes,WC+GM+TRU,000885062088803,AO MANUF.,-0.003,11.14694798,0,2.229389596,0,0,0,0,0,3.715649327,0,3.715649327,0,0,0,0,0
04/01/2021,Maritimes,WC+GM+TRU,000062178702753,L,-0.006,10.26920904,326.4141445,1.467029863,89.48882164,0,2.200544794,0,98.29100082,5.13460452,2.6773295,5.13460452,2.706670097,0,2.017166062,0,0.029340597
04/01/2021,Maritimes,WC+GM+TRU,000062784344696,AO MANUF.,-0.003,8.917558385,0,1.486259731,0,1.486259731,0,4.458779193,0,4.458779193,0,4.458779193,0,0,0,0,0
04/01/2021,Maritimes,WC+GM+TRU,000086430500016,AO MANUF.,-0.003,8.17442852,8.917558385,1.486259731,1.486259731,0,0,27.49580502,29.72519462,4.08721426,4.458779193,4.08721426,4.458779193,0,0,0,0
04/01/2021,Maritimes,WC+GM+TRU,000065527300003,D,0.017,7.632836124,697.6412218,2.289850837,231.2749346,0,6.869552512,0,80.90806292,2.541734429,2.30511651,2.541734429,2.488304577,0,2.022701573,0,0.305313445
04/01/2021,Maritimes,WC+GM+TRU,000869907329162,AO MANUF.,-0.003,6.688168789,13.37633758,2.229389596,5.201909058,0,0,0,44.58779193,2.229389596,1.909843754,2.229389596,2.229389596,0,1.114694798,0,0.215507661
04/01/2021,Maritimes,WC+GM+TRU,000007702885562,AO MANUF.,-0.003,5.945038923,18.57824664,0.743129865,2.229389596,0,0,0,0,5.945038923,6.190271779,5.945038923,6.190271779,0,0,0,0
04/01/2021,Maritimes,WC+GM+TRU,000062178703206,L,-0.006,2.934059726,26.40653753,2.200544794,4.401089589,2.200544794,2.200544794,0.733514931,8.068664246,0.975574859,4.401089589,1.100272397,4.401089589,0.733514931,0,0.242059927,0
04/01/2021,Maritimes,WC+GM+TRU,000077183565246,AO MANUF.,-0.003,2.972519462,19.3213765,0.743129865,8.17442852,0,0,0,0,2.972519462,1.753786482,2.972519462,1.753786482,0,0,0,0
04/01/2021,Maritimes,WC+GM+TRU,000006810000276,AO MANUF.,-0.003,2.972519462,4134.774571,0.743129865,3248.220642,1.486259731,10.40381812,1.486259731,286.8481281,2.972519462,0.943774929,2.972519462,2.296271284,0,0.757992463,0,0.653954282
04/01/2021,Maritimes,WC+GM+TRU,000007507610019,AO MANUF.,-0.003,2.229389596,54.24848018,0.743129865,26.00954529,0,2.229389596,0,17.83511677,2.229389596,1.553141419,2.229389596,1.553141419,0,0,0,0
04/01/2021,Maritimes,WC+GM+TRU,000005088563000,AO MANUF.,-0.003,1.486259731,5.945038923,1.486259731,0.743129865,0,0,0,0,0.743129865,5.945038923,0.743129865,5.945038923,0,0,0,0
04/01/2021,Maritimes,WC+GM+TRU,000004133103851,AO MANUF.,-0.003,1.486259731,27.49580502,0.743129865,14.86259731,0,0,0,69.11107749,1.486259731,1.374790251,1.486259731,1.374790251,0,0,0,0
04/01/2021,Maritimes,WC+GM+TRU,000005088564000,AO MANUF.,-0.003,1.486259731,5.945038923,1.486259731,0.743129865,0,0,0,0,0.743129865,5.945038923,0.743129865,5.945038923,0,0,0,0
04/01/2021,Maritimes,WC+GM+TRU,000106552730010,D,0.017,1.526567225,74.80179402,0.763283612,25.18835921,0,0.763283612,0,53.42985287,1.526567225,2.266952329,1.526567225,2.34328069,0,1.526567225,0,0.068695525
04/01/2021,Maritimes,WC+GM+TRU,000007468008920,AO MANUF.,-0.003,0.729273666,37.19295696,0.729273666,13.12692598,0,0,0,0,0.729273666,2.063844474,0.729273666,2.063844474,0,0,0,0
04/01/2021,Maritimes,WC+GM+TRU,000004169512739,AO MANUF.,-0.003,0,5.765009216,0,0.720626152,0,2.161878456,0,2.161878456,0,5.765009216,0,5.765009216,0,0,0,0
04/01/2021,Maritimes,WC+GM+TRU,000004169518431,AO MANUF.,-0.003,0,2.882504608,0,0.720626152,0,0,0,9.368139975,0,2.882504608,0,2.882504608,0,0,0,0
04/01/2021,Maritimes,WC+GM+TRU,000004169507133,AO MANUF.,-0.003,0,10.80939228,0,2.161878456,0,0.720626152,0,10.08876613,0,3.60313076,0,3.60313076,0,0,0,0
04/01/2021,Maritimes,WC+GM+TRU,000062491300827,J,0.015,0,3.584935599,0,1.43397424,0,0,0,17.92467799,0,1.792467799,0,2.150961359,0,1.43397424,0,0.35849356
04/01/2021,Maritimes,WC+GM+TRU,000077183595001,AO MANUF.,-0.003,0,19.85398582,0,5.882662465,0,0,0,0,0,2.485424891,0,2.485424891,0,0,0,0
04/01/2021,Maritimes,WC+GM+TRU,000077264302836,AO MANUF.,-0.003,0,8.823993697,0,2.205998424,0,0.735332808,0,8.088660889,0,2.941331232,0,2.941331232,0,0,0,0
04/01/2021,Maritimes,WC+GM+TRU,000077264302835,AO MANUF.,-0.003,0,11.02999212,0,3.676664041,0,0.735332808,0,14.70665616,0,2.205998424,0,2.205998424,0,0,0,0
04/01/2021,Maritimes,WC+GM+TRU,000081915301008,AO MANUF.,-0.003,0,11.76532493,0,1.470665616,0,0,0,29.41331232,0,5.882662465,0,5.882662465,0,0,0,0
04/01/2021,Maritimes,WC+GM+TRU,000001760002138,K,0.025,0,257.7683926,0,122.8545263,0,6.029670002,0,32.40947626,0,1.582788376,0,1.756141388,0,1.198396913,0,0.233649713
04/01/2021,Maritimes,WC+GM+TRU,000871040168306,AO MANUF.,-0.003,0,102.9465931,0,22.79531705,0,5.147329657,0,13.97132335,0,3.323704293,0,3.345764277,0,3.264877668,0,0.213246514
04/01/2021,Maritimes,WC+GM+TRU,000086430500014,AO MANUF.,-0.003,0,17.64798739,0,2.941331232,0,0,0,58.82662465,0,4.411996849,0,4.411996849,0,0,0,0
04/01/2021,Maritimes,WC+GM+TRU,000071138132125,AO MANUF.,-0.003,0,47.06129972,0,5.882662465,0,0,0,130.8892398,0,5.882662465,0,5.882662465,0,0,0,0
04/01/2021,Maritimes,WC+GM+TRU,000071498355626,AO MANUF.,-0.003,0,36.0313076,0,10.29465931,0,0,0,180.156538,0,2.573664828,0,1.470665616,0,2.661904765,0,0.683859512
04/01/2021,Maritimes,WC+GM+TRU,000005620089711,A,0.025,0,921.4167442,0,303.8953681,0,11.22766138,0,60.62937147,0,2.267987599,0,2.97907282,0,1.968583296,0,0.523957531
04/01/2021,Maritimes,WC+GM+TRU,000001760002122,K,0.025,0,3.768543751,0,2.261126251,0,0,0,0,0,1.258693613,0,1.258693613,0,0,0,0
04/01/2021,Maritimes,WC+GM+TRU,000071835612460,AO MANUF.,-0.003,0,37.13802061,0,17.08348948,0,0,0,0,0,1.611790095,0,1.611790095,0,0,0,0
04/01/2021,Maritimes,WC+GM+TRU,000077183514246,AO MANUF.,-0.003,0,17.82624989,0,7.427604122,0,0,0,0,0,1.782624989,0,1.782624989,0,0,0,0
04/01/2021,Maritimes,WC+GM+TRU,000006430035231,AO MANUF.,-0.003,0,1.485520824,0,1.485520824,0,0,0,5.199322886,0,0.742760412,0,0.742760412,0,0,0,0
04/01/2021,Maritimes,WC+GM+TRU,000006430035232,AO MANUF.,-0.003,0,2.971041649,0,1.485520824,0,0,0,0,0,1.485520824,0,1.485520824,0,0,0,0
04/01/2021,Maritimes,WC+GM+TRU,000006430035233,AO MANUF.,-0.003,0,2.971041649,0,1.485520824,0,0,0,9.655885359,0,1.485520824,0,1.485520824,0,0,0,0
04/01/2021,Maritimes,WC+GM+TRU,000081915301009,AO MANUF.,-0.003,0,17.82624989,0,2.228281237,0,0,0,44.56562473,0,5.942083298,0,5.942083298,0,0,0,0
04/01/2021,Maritimes,WC+GM+TRU,000062178702986,L,-0.006,0,16.86245594,0,3.665751292,0,2.199450775,0,5.132051809,0,3.372491189,0,3.372491189,0,0,0,0
04/01/2021,Maritimes,WC+GM+TRU,000018554400001,AO MANUF.,-0.003,0,4.413185275,0,0.735530879,0,0,0,14.71061758,0,4.413185275,0,4.413185275,0,0,0,0
04/01/2021,Maritimes,WC+GM+TRU,000007468008916,AO MANUF.,-0.003,0,13.23955583,0,5.148716155,0,0,0,0,0,1.89031436,0,1.89031436,0,0,0,0
04/01/2021,Maritimes,WC+GM+TRU,000068949910008,AO MANUF.,-0.003,0,8.826370551,0,1.471061758,0,0,0,29.42123517,0,4.413185275,0,4.413185275,0,0,0,0
04/01/2021,Maritimes,WC+GM+TRU,000006430035236,AO MANUF.,-0.003,0,4.413185275,0,2.206592638,0,0,0,0,0,1.471061758,0,1.471061758,0,0,0,0
04/01/2021,Maritimes,WC+GM+TRU,000006810000278,AO MANUF.,-0.003,0,504.5741832,0,264.0555856,0,8.090839672,0,45.60291451,0,1.404863979,0,2.765596106,0,0.882637055,0,0.529582233
04/01/2021,Maritimes,WC+GM+TRU,000077763031249,AO MANUF.,-0.003,0,21.3303955,0,8.826370551,0,0,0,106.6519775,0,1.779984728,0,1.779984728,0,0,0,0
04/01/2021,Maritimes,WC+GM+TRU,000006620011308,A,0.025,0,31.44591994,0,7.487123796,0,0,0,94.33775983,0,3.144591994,0,3.144591994,0,0,0,0
04/01/2021,Maritimes,WC+GM+TRU,000062784347347,AO MANUF.,-0.003,0,207.5686945,0,60.02857716,0,3.616179347,0,45.56385978,0,2.502396108,0,2.618113847,0,2.336051858,0,0.296526706
04/01/2021,Maritimes,WC+GM+TRU,000062784347346,AO MANUF.,-0.003,0,367.4038217,0,94.7438989,0,2.892943478,0,86.78830433,0,2.806155173,0,2.979731782,0,2.140778174,0,0.151879533
04/01/2021,Maritimes,WC+GM+TRU,000062516355150,AO MANUF.,-0.003,0,6.509122825,0,2.169707608,0,0,0,32.54561413,0,2.169707608,0,2.169707608,0,0,0,0
04/01/2021,Maritimes,WC+GM+TRU,000005150004408,AO MANUF.,-0.003,0,66.53769999,0,31.82237826,0,0.723235869,0,51.34974673,0,1.511562967,0,1.511562967,0,0,0,0
04/01/2021,Maritimes,WC+GM+TRU,000500014703292,AO MANUF.,-0.003,0,15.18795326,0,3.616179347,0,1.446471739,0,7.232358695,0,3.037590652,0,3.037590652,0,0,0,0
04/01/2021,Maritimes,WC+GM+TRU,000006720000731,G,-0.009,0,47.44681787,0,5.751129438,0,0,0,0,0,5.930852233,0,5.930852233,0,0,0,0
04/01/2021,Maritimes,WC+GM+TRU,000005700001915,G,-0.009,0,777.8402565,0,220.6995922,0,1.43778236,0,398.9846048,0,2.530496953,0,2.530496953,0,0,0,0
04/01/2021,Maritimes,WC+GM+TRU,000071138103386,AO MANUF.,-0.003,0,23.28324731,0,2.910405913,0,0,0,0,0,5.820811827,0,5.820811827,0,0,0,0
04/01/2021,Maritimes,WC+GM+TRU,000500011804833,AO MANUF.,-0.003,0,42.92848722,0,10.91402217,0,2.182804435,0,12.36922513,0,2.85947381,0,2.85947381,0,0,0,0
04/01/2021,Maritimes,WC+GM+TRU,000007702885582,AO MANUF.,-0.003,0,4.36560887,0,0.727601478,0,0,0,0,0,4.36560887,0,4.36560887,0,0,0,0
04/01/2021,Maritimes,WC+GM+TRU,000004169530139,AO MANUF.,-0.003,0,16.734834,0,2.182804435,0,0,0,56.02531383,0,5.580703339,0,5.580703339,0,0,0,0
04/01/2021,Maritimes,WC+GM+TRU,000081276600834,AO MANUF.,-0.003,0,8.73121774,0,1.455202957,0,0,0,0,0,4.36560887,0,4.36560887,0,0,0,0
04/01/2021,Maritimes,WC+GM+TRU,000081649301789,H,0.016,0,23.72828571,0,6.673580355,0,0,0,79.34145534,0,2.639771785,0,2.639771785,0,0,0,0
